<use name="FWCore/Framework"/>
<use name="FWCore/PluginManager"/>
<use name="FWCore/ParameterSet"/>
<use name="DataFormats/TrackReco"/>
<use name="CommonTools/UtilAlgos"/>
<use name="PhysicsTools/UtilAlgos"/>
<use name="DataFormats/MuonReco"/>
<use name="RecoMuon/TrackingTools"/>
<use name="DataFormats/JetReco"/>
<use name="TrackingTools/TransientTrack"/>
<use name="TrackingTools/Records"/>
<use name="RecoVertex/AdaptiveVertexFit"/>
<use name="RecoVertex/AdaptiveVertexFinder"/>
<use name="RecoVertex/PrimaryVertexProducer"/>
<use name="RecoVertex/VertexPrimitives"/>
<use name="RecoVertex/TrimmedKalmanVertexFinder"/>
<use name="RecoVZero/VZeroFinding"/>
<lib name="DAFVertexFinder"/>
<lib name="VertexFitter"/>
<flags EDM_PLUGIN="1"/>
